Full Name,Job Title,Department,Business Unit,Gender,Age,Country,Annual Salary
Emily Davis,Sr. Manger,IT,Research & Development,Female,55,United States,"$141,604 "
Theodore Dinh,Technical Architect,IT,Manufacturing,Male,59,China,"$99,975 "
Luna Sanders,Director,Finance,Speciality Products,Female,50,United States,"$163,099 "
Penelope Jordan,Computer Systems Manager,IT,Manufacturing,Female,26,United States,"$84,913 "
Austin Vo,Sr. Analyst,Finance,Manufacturing,Male,55,United States,"$95,409 "
Joshua Gupta,Account Representative,Sales,Corporate,Male,57,China,"$50,994 "
Ruby Barnes,Manager,IT,Corporate,Female,27,United States,"$119,746 "
Luke Martin,Analyst,Finance,Manufacturing,Male,25,United States,"$41,336 "
Easton Bailey,Manager,Accounting,Manufacturing,Male,29,United States,"$113,527 "
Madeline Walker,Sr. Analyst,Finance,Speciality Products,Female,34,United States,"$77,203 "
Savannah Ali,Sr. Manger,Human Resources,Manufacturing,Female,36,United States,"$157,333 "
Camila Rogers,Controls Engineer,Engineering,Speciality Products,Female,27,United States,"$109,851 "
Eli Jones,Manager,Human Resources,Manufacturing,Male,59,United States,"$105,086 "
Everleigh Ng,Sr. Manger,Finance,Research & Development,Female,51,China,"$146,742 "
Robert Yang,Sr. Analyst,Accounting,Speciality Products,Male,31,United States,"$97,078 "
Isabella Xi,Vice President,Marketing,Research & Development,Female,41,United States,"$249,270 "
Bella Powell,Director,Finance,Research & Development,Female,65,United States,"$175,837 "
Camila Silva,Sr. Manger,Marketing,Speciality Products,Female,64,United States,"$154,828 "
David Barnes,Director,IT,Corporate,Male,64,United States,"$186,503 "
Adam Dang,Director,Sales,Research & Development,Male,45,China,"$166,331 "
Elias Alvarado,Sr. Manger,IT,Manufacturing,Male,56,Brazil,"$146,140 "
Eva Rivera,Director,Sales,Manufacturing,Female,36,United States,"$151,703 "
Logan Rivera,Director,IT,Research & Development,Male,59,Brazil,"$172,787 "
Leonardo Dixon,Analyst,Sales,Speciality Products,Male,37,United States,"$49,998 "
Mateo Her,Vice President,Sales,Speciality Products,Male,44,China,"$207,172 "
Jose Henderson,Director,Human Resources,Speciality Products,Male,41,United States,"$152,239 "
Abigail Mejia,Quality Engineer,Engineering,Corporate,Female,56,Brazil,"$98,581 "
Wyatt Chin,Vice President,Engineering,Speciality Products,Male,43,United States,"$246,231 "
Carson Lu,Engineering Manager,Engineering,Speciality Products,Male,64,China,"$99,354 "
Dylan Choi,Vice President,IT,Corporate,Male,63,China,"$231,141 "
Ezekiel Kumar,IT Coordinator,IT,Research & Development,Male,28,United States,"$54,775 "
Dominic Guzman,Analyst,Finance,Manufacturing,Male,65,Brazil,"$55,499 "
Angel Powell,Analyst II,Sales,Research & Development,Male,61,United States,"$66,521 "
Mateo Vu,Account Representative,Sales,Speciality Products,Male,30,China,"$59,100 "
Caroline Jenkins,Analyst,Finance,Research & Development,Female,27,United States,"$49,011 "
Nora Brown,Enterprise Architect,IT,Manufacturing,Female,32,United States,"$99,575 "
Adeline Huang,Controls Engineer,Engineering,Manufacturing,Female,34,China,"$99,989 "
Jackson Perry,Vice President,Marketing,Research & Development,Male,27,United States,"$256,420 "
Riley Padilla,Technical Architect,IT,Manufacturing,Female,35,United States,"$78,940 "
Leah Pena,Enterprise Architect,IT,Corporate,Female,57,Brazil,"$82,872 "
Owen Lam,Sr. Business Partner,Human Resources,Speciality Products,Male,30,China,"$86,317 "
Kennedy Foster,Manager,Marketing,Speciality Products,Female,53,United States,"$113,135 "
John Moore,Vice President,IT,Speciality Products,Male,52,United States,"$199,808 "
William Vu,Account Representative,Sales,Speciality Products,Male,37,China,"$56,037 "
Sadie Washington,Sr. Manger,Marketing,Research & Development,Female,29,United States,"$122,350 "
Gabriel Holmes,Enterprise Architect,IT,Research & Development,Male,40,United States,"$92,952 "
Wyatt Rojas,Computer Systems Manager,IT,Corporate,Male,32,United States,"$79,921 "
Eva Coleman,Director,IT,Research & Development,Female,37,United States,"$167,199 "
Dominic Clark,Quality Engineer,Engineering,Research & Development,Male,52,United States,"$71,476 "
Lucy Alexander,Director,Engineering,Manufacturing,Female,45,United States,"$189,420 "
Everleigh Washington,HRIS Analyst,Human Resources,Research & Development,Female,64,United States,"$64,057 "
Leilani Butler,Analyst II,Marketing,Manufacturing,Female,27,United States,"$68,728 "
Peyton Huang,Sr. Manger,IT,Manufacturing,Female,25,China,"$125,633 "
John Contreras,Analyst II,Marketing,Manufacturing,Male,35,United States,"$66,889 "
Rylee Yu,Director,Accounting,Research & Development,Female,36,United States,"$178,700 "
Piper Lewis,Field Engineer,Engineering,Research & Development,Female,33,United States,"$83,990 "
Stella Alexander,Automation Engineer,Engineering,Corporate,Female,52,United States,"$102,043 "
Addison Do,Operations Engineer,Engineering,Manufacturing,Female,46,United States,"$90,678 "
Zoey Jackson,Business Partner,Human Resources,Manufacturing,Female,46,United States,"$59,067 "
John Chow,Sr. Manger,Marketing,Research & Development,Male,45,China,"$135,062 "
Ava Ayala,Sr. Manger,IT,Corporate,Female,55,Brazil,"$159,044 "
Natalia Salazar,Sr. Analyst,Accounting,Manufacturing,Female,44,Brazil,"$74,691 "
Skylar Carrillo,Engineering Manager,Engineering,Corporate,Female,44,United States,"$92,753 "
Christian Sanders,Vice President,Human Resources,Speciality Products,Male,45,United States,"$236,946 "
Penelope Coleman,Analyst,Finance,Corporate,Female,36,United States,"$48,906 "
Piper Richardson,Sr. Analyst,Sales,Corporate,Female,38,United States,"$80,024 "
Everly Walker,HRIS Analyst,Human Resources,Speciality Products,Female,41,United States,"$54,415 "
Aurora Ali,Manager,Marketing,Research & Development,Female,30,United States,"$120,341 "
Penelope Guerrero,Vice President,IT,Speciality Products,Female,43,United States,"$208,415 "
Anna Mehta,Cloud Infrastructure Architect,IT,Speciality Products,Female,32,United States,"$78,844 "
William Foster,Field Engineer,Engineering,Manufacturing,Male,58,United States,"$76,354 "
Jade Rojas,Director,Finance,Speciality Products,Female,37,United States,"$165,927 "
Isla Espinoza,Manager,Accounting,Speciality Products,Female,38,Brazil,"$109,812 "
David Chu,Controls Engineer,Engineering,Corporate,Male,55,United States,"$86,299 "
Thomas Padilla,Vice President,Marketing,Research & Development,Male,57,Brazil,"$206,624 "
Miles Salazar,IT Coordinator,IT,Manufacturing,Male,36,Brazil,"$53,215 "
Mila Hong,Test Engineer,Engineering,Research & Development,Female,30,China,"$86,858 "
Benjamin Moua,Computer Systems Manager,IT,Manufacturing,Male,40,China,"$93,971 "
Samuel Morales,Analyst II,Finance,Corporate,Male,34,United States,"$57,008 "
John Soto,Sr. Manger,Finance,Manufacturing,Male,60,United States,"$141,899 "
Joseph Martin,Analyst II,Marketing,Corporate,Male,41,United States,"$64,847 "
Jose Ross,Engineering Manager,Engineering,Research & Development,Male,53,United States,"$116,878 "
Parker James,Quality Engineer,Engineering,Speciality Products,Male,45,United States,"$70,505 "
Everleigh Fernandez,Director,Engineering,Research & Development,Female,30,Brazil,"$189,702 "
Lincoln Hall,Director,Accounting,Speciality Products,Male,26,United States,"$180,664 "
Willow Mai,Business Partner,Human Resources,Manufacturing,Female,45,China,"$48,345 "
Jack Cheng,Director,Human Resources,Manufacturing,Male,42,China,"$152,214 "
Genesis Navarro,Cloud Infrastructure Architect,IT,Corporate,Female,41,Brazil,"$69,803 "
Eliza Hernandez,Network Architect,IT,Corporate,Female,48,Brazil,"$76,588 "
Gabriel Brooks,Network Engineer,IT,Manufacturing,Male,29,United States,"$84,596 "
Jack Huynh,Manager,Marketing,Research & Development,Male,27,China,"$114,441 "
Everly Chow,Sr. Manger,Finance,Speciality Products,Female,33,China,"$140,402 "
Amelia Salazar,Analyst II,Finance,Corporate,Female,26,Brazil,"$59,817 "
Xavier Zheng,Account Representative,Sales,Manufacturing,Male,31,United States,"$55,854 "
Matthew Chau,Sr. Business Partner,Human Resources,Research & Development,Male,53,United States,"$95,998 "
Mia Cheng,Sr. Manger,Sales,Manufacturing,Female,34,United States,"$154,941 "
Rylee Yu,Vice President,Finance,Speciality Products,Female,54,China,"$247,022 "
Zoe Romero,Network Architect,IT,Manufacturing,Female,32,Brazil,"$88,072 "
Nolan Bui,Computer Systems Manager,IT,Research & Development,Male,28,China,"$67,925 "
Nevaeh Jones,Vice President,Sales,Manufacturing,Female,31,United States,"$219,693 "
Samantha Adams,Test Engineer,Engineering,Research & Development,Female,45,United States,"$61,773 "
Madeline Shin,Computer Systems Manager,IT,Speciality Products,Female,48,United States,"$74,546 "
Noah King,Development Engineer,Engineering,Speciality Products,Male,56,United States,"$62,575 "
Leilani Chow,Director,Human Resources,Corporate,Female,27,China,"$199,041 "
Connor Simmons,Analyst II,Accounting,Speciality Products,Male,55,United States,"$52,310 "
Grayson Cooper,Sr. Manger,Finance,Speciality Products,Male,64,United States,"$159,571 "
Ivy Soto,Field Engineer,Engineering,Research & Development,Female,50,United States,"$91,763 "
Aurora Simmons,Development Engineer,Engineering,Corporate,Female,51,United States,"$96,475 "
Andrew Thomas,Controls Engineer,Engineering,Manufacturing,Male,36,United States,"$113,781 "
Ezekiel Desai,Director,Finance,Research & Development,Male,42,United States,"$166,599 "
Gabriella Gupta,Sr. Account Representative,Sales,Corporate,Female,41,China,"$95,372 "
Skylar Liu,Director,IT,Research & Development,Female,29,China,"$161,203 "
Nova Coleman,System Administrator ,IT,Manufacturing,Female,44,United States,"$74,738 "
Evelyn Dinh,Director,Sales,Research & Development,Female,41,United States,"$171,173 "
Brooks Marquez,Vice President,Sales,Corporate,Male,61,United States,"$201,464 "
Connor Joseph,Director,Human Resources,Corporate,Male,50,United States,"$174,895 "
Mia Lam,Sr. Manger,IT,Manufacturing,Female,49,United States,"$134,486 "
Scarlett Rodriguez,Sr. Analyst,Finance,Manufacturing,Female,60,Brazil,"$71,699 "
Cora Rivera,Sr. Analyst,Marketing,Corporate,Female,42,United States,"$94,430 "
Liam Jung,Manager,Finance,Corporate,Male,39,China,"$103,504 "
Sophia Huynh,Enterprise Architect,IT,Manufacturing,Female,55,United States,"$92,771 "
Athena Carrillo,Analyst II,Finance,Speciality Products,Female,39,United States,"$71,531 "
Greyson Sanders,Cloud Infrastructure Architect,IT,Speciality Products,Male,28,United States,"$90,304 "
Vivian Lewis,Manager,Marketing,Manufacturing,Female,65,United States,"$104,903 "
Elena Vang,Analyst,Finance,Corporate,Female,52,China,"$55,859 "
Natalia Diaz,Operations Engineer,Engineering,Corporate,Female,62,United States,"$79,785 "
Mila Leung,Sr. Analyst,Marketing,Corporate,Female,39,China,"$99,017 "
Ava Nelson,Systems Analyst,IT,Manufacturing,Female,63,United States,"$53,809 "
Mateo Chu,Field Engineer,Engineering,Speciality Products,Male,27,China,"$71,864 "
Isla Lai,Vice President,Finance,Corporate,Female,37,China,"$225,558 "
Ezekiel Reed,Sr. Manger,IT,Manufacturing,Male,37,United States,"$128,984 "
Nolan Guzman,Field Engineer,Engineering,Speciality Products,Male,46,Brazil,"$96,997 "
Everleigh Espinoza,Director,Human Resources,Manufacturing,Female,54,United States,"$176,294 "
Evelyn Jung,Analyst,Sales,Research & Development,Female,30,China,"$48,340 "
Sophie Silva,Vice President,Engineering,Corporate,Female,28,Brazil,"$240,488 "
Mateo Williams,Enterprise Architect,IT,Manufacturing,Male,40,United States,"$97,339 "
Kennedy Rahman,Vice President,Human Resources,Manufacturing,Female,49,China,"$211,291 "
Levi Mendez,Vice President,Sales,Research & Development,Male,39,Brazil,"$249,506 "
Julian Fong,Quality Engineer,Engineering,Speciality Products,Male,61,China,"$80,950 "
Nevaeh Kang,Automation Engineer,Engineering,Research & Development,Female,46,China,"$86,538 "
Hannah Nelson,Sr. Analyst,Marketing,Speciality Products,Female,35,United States,"$70,992 "
Anthony Rogers,Vice President,Engineering,Corporate,Male,33,United States,"$205,314 "
Paisley Kang,Vice President,Human Resources,Corporate,Female,61,China,"$196,951 "
Matthew Gupta,Network Engineer,IT,Speciality Products,Male,45,China,"$67,686 "
Silas Chavez,Technical Architect,IT,Research & Development,Male,51,United States,"$86,431 "
Colton Thao,Manager,Human Resources,Manufacturing,Male,55,China,"$125,936 "
Genesis Perry,Sr. Manger,Sales,Corporate,Female,46,United States,"$149,712 "
Alexander Bryant,Field Engineer,Engineering,Speciality Products,Male,30,United States,"$88,758 "
Elias Zhang,Solutions Architect,IT,Research & Development,Male,54,China,"$83,639 "
Lily Carter,Network Architect,IT,Research & Development,Female,54,United States,"$68,268 "
Joseph Ruiz,Field Engineer,Engineering,Manufacturing,Male,45,Brazil,"$75,819 "
Avery Bailey,Sr. Analyst,Sales,Speciality Products,Female,49,United States,"$86,658 "
Miles Hsu,Analyst II,Finance,Research & Development,Male,55,China,"$74,552 "
Piper Cheng,Enterprise Architect,IT,Manufacturing,Female,62,United States,"$82,839 "
Skylar Watson,Network Architect,IT,Speciality Products,Female,28,United States,"$64,475 "
Jaxon Park,Network Architect,IT,Manufacturing,Male,33,China,"$69,453 "
Elijah Henry,Manager,IT,Corporate,Male,32,United States,"$127,148 "
Camila Watson,Vice President,Finance,Speciality Products,Female,32,United States,"$190,253 "
Lucas Thomas,Manager,Accounting,Research & Development,Male,55,United States,"$115,798 "
Skylar Doan,Sr. Business Partner,Human Resources,Research & Development,Female,58,United States,"$93,102 "
Hudson Liu,Engineering Manager,Engineering,Speciality Products,Male,34,United States,"$110,054 "
Gianna Williams,Quality Engineer,Engineering,Research & Development,Female,27,United States,"$95,786 "
Jaxson Sandoval,Sr. Analyst,Sales,Speciality Products,Male,61,Brazil,"$90,855 "
Jameson Alvarado,Enterprise Architect,IT,Manufacturing,Male,47,Brazil,"$92,897 "
Joseph Ly,Vice President,Marketing,Speciality Products,Male,40,China,"$242,919 "
Daniel Richardson,Director,Engineering,Speciality Products,Male,30,United States,"$184,368 "
Elias Figueroa,Sr. Manger,Finance,Corporate,Male,45,United States,"$144,754 "
Emma Brooks,Sr. Account Representative,Sales,Research & Development,Female,30,United States,"$89,458 "
Isla Wong,Vice President,Accounting,Corporate,Female,56,United States,"$190,815 "
Everly Walker,Sr. Manger,Sales,Research & Development,Female,62,United States,"$137,995 "
Mila Pena,Sr. Business Partner,Human Resources,Manufacturing,Female,45,Brazil,"$93,840 "
Mason Zhao,Technical Architect,IT,Research & Development,Male,46,China,"$94,790 "
Jaxson Mai,Vice President,Human Resources,Research & Development,Male,48,United States,"$197,367 "
Ava Garza,Director,Accounting,Manufacturing,Female,27,United States,"$174,097 "
Nathan Mendez,Manager,IT,Speciality Products,Male,53,United States,"$120,128 "
Maria Griffin,Manager,Marketing,Manufacturing,Female,59,United States,"$129,708 "
Alexander Choi,Manager,Marketing,Research & Development,Male,55,United States,"$102,270 "
Maria Hong,Vice President,Finance,Speciality Products,Female,43,China,"$249,686 "
Sophie Ali,Analyst,Finance,Manufacturing,Female,55,United States,"$50,475 "
Julian Ross,Manager,Marketing,Research & Development,Male,51,United States,"$100,099 "
Emma Hill,IT Coordinator,IT,Manufacturing,Female,54,United States,"$41,673 "
Leilani Yee,Sr. Analyst,Marketing,Speciality Products,Female,47,China,"$70,996 "
Jack Brown,Analyst,Marketing,Corporate,Male,55,United States,"$40,752 "
Charlotte Chu,Network Engineer,IT,Manufacturing,Female,50,China,"$97,537 "
Jeremiah Chu,IT Systems Architect,IT,Research & Development,Male,31,China,"$96,567 "
Miles Cho,Systems Analyst,IT,Speciality Products,Male,47,China,"$49,404 "
Caleb Marquez,IT Systems Architect,IT,Research & Development,Male,29,Brazil,"$66,819 "
Eli Soto,Analyst,Marketing,Speciality Products,Male,38,Brazil,"$50,784 "
Carter Mejia,Sr. Manger,Human Resources,Research & Development,Male,29,Brazil,"$125,828 "
Ethan Clark,Sr. Business Partner,Human Resources,Manufacturing,Male,33,United States,"$92,610 "
Asher Jackson,Sr. Manger,Sales,Speciality Products,Male,50,United States,"$123,405 "
Ayla Ng,Account Representative,Sales,Manufacturing,Female,46,China,"$73,004 "
Jose Kang,Engineering Manager,Engineering,Corporate,Male,57,China,"$95,061 "
Aubrey Romero,Director,Sales,Corporate,Female,49,United States,"$160,832 "
Jaxson Wright,Service Desk Analyst,IT,Manufacturing,Male,54,United States,"$64,417 "
Elias Ali,Manager,Sales,Corporate,Male,28,China,"$127,543 "
Nolan Pena,Analyst,Marketing,Manufacturing,Male,30,Brazil,"$56,154 "
Luna Liu,Vice President,Sales,Manufacturing,Female,36,China,"$218,530 "
Brooklyn Reyes,Service Desk Analyst,IT,Manufacturing,Female,36,United States,"$91,954 "
Hadley Parker,Vice President,Marketing,Corporate,Female,30,United States,"$221,217 "
Jonathan Chavez,System Administrator ,IT,Manufacturing,Male,29,United States,"$87,536 "
Sarah Ayala,Analyst,Sales,Corporate,Female,47,United States,"$41,429 "
Elijah Kang,Vice President,Engineering,Manufacturing,Male,35,United States,"$245,482 "
Ella White,Development Engineer,Engineering,Manufacturing,Female,25,United States,"$71,359 "
Jordan Truong,Director,Engineering,Speciality Products,Male,45,United States,"$183,161 "
Daniel Jordan,Network Administrator,IT,Corporate,Male,58,United States,"$69,260 "
Daniel Dixon,Operations Engineer,Engineering,Speciality Products,Male,51,United States,"$95,639 "
Luca Duong,Manager,Human Resources,Research & Development,Male,48,China,"$120,660 "
Levi Brown,Sr. Analyst,Sales,Corporate,Male,36,United States,"$75,119 "
Mason Cho,Vice President,Accounting,Research & Development,Male,59,United States,"$192,213 "
Nova Herrera,Account Representative,Sales,Speciality Products,Female,45,Brazil,"$65,047 "
Elijah Watson,Sr. Manger,Sales,Manufacturing,Male,29,United States,"$151,413 "
Wesley Gray,Sr. Analyst,Accounting,Speciality Products,Male,62,United States,"$76,906 "
Wesley Sharma,Manager,IT,Corporate,Male,51,China,"$122,802 "
Mateo Mendez,Development Engineer,Engineering,Research & Development,Male,47,United States,"$99,091 "
Jose Molina,Controls Engineer,Engineering,Manufacturing,Male,40,Brazil,"$113,987 "
Luna Simmons,Sr. Analyst,Finance,Corporate,Female,28,United States,"$95,045 "
Samantha Barnes,Vice President,Marketing,Speciality Products,Female,29,United States,"$190,401 "
Hunter Ortiz,Sr. Analyst,Finance,Corporate,Male,46,Brazil,"$86,061 "
Thomas Aguilar,Sr. Account Representative,Sales,Speciality Products,Male,45,United States,"$79,882 "
Skylar Bell,Vice President,Engineering,Manufacturing,Female,30,United States,"$255,431 "
Anna Zhu,Service Desk Analyst,IT,Manufacturing,Female,48,China,"$82,017 "
Ella Hunter,Analyst,Finance,Manufacturing,Female,51,United States,"$53,799 "
Emery Hunter,Sr. Analyst,Sales,Corporate,Female,28,United States,"$82,739 "
Sofia Parker,Cloud Infrastructure Architect,IT,Manufacturing,Female,36,United States,"$99,080 "
Lucy Fong,Sr. Account Representative,Sales,Corporate,Female,40,China,"$96,719 "
Vivian Barnes,Director,Human Resources,Research & Development,Female,51,United States,"$180,687 "
Kai Chow,Engineering Manager,Engineering,Corporate,Male,45,United States,"$95,743 "
Melody Cooper,Development Engineer,Engineering,Research & Development,Female,44,United States,"$89,695 "
James Bui,Manager,Finance,Manufacturing,Male,64,China,"$122,753 "
Liam Grant,Sr. Business Partner,Human Resources,Research & Development,Male,30,United States,"$93,734 "
Owen Han,Analyst,Accounting,Corporate,Male,28,China,"$52,069 "
Kinsley Vega,Vice President,Accounting,Corporate,Female,33,Brazil,"$258,426 "
Leonardo Martin,Manager,Finance,Speciality Products,Male,51,United States,"$125,375 "
Greyson Lam,Vice President,Accounting,Manufacturing,Male,25,United States,"$198,243 "
Emilia Rivera,Test Engineer,Engineering,Research & Development,Female,42,United States,"$96,023 "
Penelope Johnson,Sr. Analyst,Marketing,Research & Development,Female,34,United States,"$83,066 "
Eva Figueroa,Analyst II,Sales,Research & Development,Female,48,United States,"$61,216 "
Ezekiel Jordan,Sr. Manger,Accounting,Corporate,Male,33,United States,"$144,231 "
Luke Mai,HRIS Analyst,Human Resources,Research & Development,Male,41,China,"$51,630 "
Charles Diaz,Sr. Manger,Sales,Corporate,Male,55,Brazil,"$124,129 "
Adam Espinoza,Test Engineer,Engineering,Manufacturing,Male,36,United States,"$60,055 "
Jack Maldonado,Director,Engineering,Research & Development,Male,31,Brazil,"$189,290 "
Cora Jiang,Vice President,IT,Corporate,Female,53,United States,"$182,202 "
Cooper Mitchell,Manager,Sales,Speciality Products,Male,43,United States,"$117,518 "
Layla Torres,Sr. Manger,Finance,Manufacturing,Female,37,Brazil,"$157,474 "
Jack Edwards,Manager,Marketing,Manufacturing,Male,38,United States,"$126,856 "
Eleanor Chan,Sr. Manger,Accounting,Manufacturing,Female,49,China,"$129,124 "
Aria Xi,Director,Sales,Research & Development,Female,45,United States,"$165,181 "
John Vega,Vice President,Finance,Corporate,Male,50,Brazil,"$247,939 "
Luke Munoz,Director,Engineering,Speciality Products,Male,64,Brazil,"$169,509 "
Sarah Daniels,Sr. Manger,Accounting,Manufacturing,Female,55,United States,"$138,521 "
Aria Castro,Engineering Manager,Engineering,Speciality Products,Female,45,Brazil,"$113,873 "
Autumn Joseph,Enterprise Architect,IT,Corporate,Female,39,United States,"$73,317 "
Evelyn Liang,Service Desk Analyst,IT,Speciality Products,Female,40,United States,"$69,096 "
Henry Alvarez,Sr. Business Partner,Human Resources,Manufacturing,Male,48,Brazil,"$87,158 "
Benjamin Delgado,Test Engineer,Engineering,Corporate,Male,64,United States,"$70,778 "
Zoe Rodriguez,Director,Human Resources,Speciality Products,Female,65,United States,"$153,938 "
Axel Chu,Systems Analyst,IT,Research & Development,Male,43,China,"$59,888 "
Cameron Evans,Test Engineer,Engineering,Corporate,Male,50,United States,"$63,098 "
Isabella Soto,Vice President,Finance,Corporate,Female,27,Brazil,"$255,369 "
Eva Jenkins,Sr. Manger,Human Resources,Manufacturing,Female,55,United States,"$142,318 "
Cameron Powell,Business Partner,Human Resources,Manufacturing,Male,41,United States,"$49,186 "
Samantha Foster,Vice President,Human Resources,Research & Development,Female,34,United States,"$220,937 "
Jade Li,Director,IT,Speciality Products,Female,47,United States,"$183,156 "
Kinsley Acosta,Vice President,IT,Speciality Products,Female,32,United States,"$192,749 "
Clara Kang,Sr. Manger,IT,Manufacturing,Female,39,United States,"$135,325 "
Harper Alexander,Sr. Analyst,Sales,Speciality Products,Female,26,United States,"$79,356 "
Carter Reed,Development Engineer,Engineering,Manufacturing,Male,40,United States,"$74,412 "
Charlotte Ruiz,Computer Systems Manager,IT,Manufacturing,Female,32,Brazil,"$61,886 "
Everleigh Jiang,Director,Accounting,Research & Development,Female,58,United States,"$173,071 "
Audrey Smith,Field Engineer,Engineering,Research & Development,Female,58,United States,"$70,189 "
Emery Acosta,Vice President,Sales,Research & Development,Female,42,United States,"$181,452 "
Charles Robinson,HRIS Analyst,Human Resources,Speciality Products,Male,26,United States,"$70,369 "
Landon Lopez,Sr. Analyst,Accounting,Manufacturing,Male,38,Brazil,"$78,056 "
Miles Mehta,Director,Finance,Research & Development,Male,64,United States,"$189,933 "
Ezra Simmons,Automation Engineer,Engineering,Speciality Products,Male,38,United States,"$78,237 "
Nora Santiago,Analyst,Accounting,Research & Development,Female,55,Brazil,"$48,687 "
Caroline Herrera,Sr. Manger,Marketing,Manufacturing,Female,45,Brazil,"$121,065 "
David Owens,Sr. Analyst,Sales,Corporate,Male,43,United States,"$94,246 "
Avery Yee,Systems Analyst,IT,Manufacturing,Female,34,United States,"$44,614 "
Xavier Park,Vice President,IT,Research & Development,Male,40,China,"$234,469 "
Asher Morales,Automation Engineer,Engineering,Research & Development,Male,52,Brazil,"$88,272 "
Mason Cao,Analyst II,Finance,Corporate,Male,52,China,"$74,449 "
Joshua Fong,Vice President,Engineering,Speciality Products,Male,47,China,"$222,941 "
Maria Chin,Analyst,Marketing,Manufacturing,Female,65,China,"$50,341 "
Eva Garcia,HRIS Analyst,Human Resources,Corporate,Female,31,Brazil,"$72,235 "
Anna Molina,Sr. Analyst,Accounting,Corporate,Female,41,United States,"$70,165 "
Logan Bryant,Sr. Manger,Marketing,Speciality Products,Male,30,United States,"$148,485 "
Isla Han,Technical Architect,IT,Manufacturing,Female,58,United States,"$86,089 "
Christopher Vega,Engineering Manager,Engineering,Research & Development,Male,54,United States,"$106,313 "
Lillian Park,Analyst,Marketing,Research & Development,Female,40,China,"$46,833 "
Kennedy Zhang,Director,Finance,Research & Development,Female,63,China,"$155,320 "
Eli Han,Sr. Analyst,Accounting,Manufacturing,Male,40,China,"$89,984 "
Julia Pham,Engineering Manager,Engineering,Speciality Products,Female,65,China,"$83,756 "
Hailey Shin,Director,Human Resources,Corporate,Female,57,China,"$176,324 "
Connor Grant,Sr. Analyst,Accounting,Speciality Products,Male,27,United States,"$74,077 "
Natalia Owens,Manager,Human Resources,Manufacturing,Female,31,United States,"$104,162 "
Maria He,IT Systems Architect,IT,Corporate,Female,45,China,"$82,162 "
Jade Yi,Account Representative,Sales,Speciality Products,Female,47,China,"$63,880 "
Quinn Xiong,Test Engineer,Engineering,Research & Development,Female,55,United States,"$73,248 "
Dominic Baker,Sr. Analyst,Accounting,Manufacturing,Male,51,United States,"$91,853 "
Adam Nelson,Director,Finance,Speciality Products,Male,25,United States,"$168,014 "
Autumn Reed,Development Engineer,Engineering,Corporate,Female,37,United States,"$70,770 "
Robert Edwards,HRIS Analyst,Human Resources,Corporate,Male,62,United States,"$50,825 "
Roman Martinez,Sr. Manger,Finance,Research & Development,Male,31,Brazil,"$145,846 "
Eleanor Li,Sr. Manger,Human Resources,Research & Development,Female,64,United States,"$125,807 "
Connor Vang,Analyst,Sales,Speciality Products,Male,25,United States,"$46,845 "
Ellie Chung,Sr. Manger,Marketing,Corporate,Female,59,China,"$157,969 "
Violet Hall,Solutions Architect,IT,Corporate,Female,40,United States,"$97,807 "
Dylan Padilla,HRIS Analyst,Human Resources,Manufacturing,Male,31,United States,"$73,854 "
Nathan Pham,Sr. Manger,Accounting,Manufacturing,Male,45,United States,"$149,537 "
Ayla Brown,Sr. Manger,Sales,Manufacturing,Female,49,United States,"$128,303 "
Isaac Mitchell,Network Architect,IT,Speciality Products,Male,46,United States,"$67,374 "
Jayden Jimenez,Manager,Human Resources,Corporate,Male,46,Brazil,"$102,167 "
Jaxon Tran,Sr. Manger,Sales,Manufacturing,Male,45,China,"$151,027 "
Connor Fong,Manager,Accounting,Speciality Products,Male,40,United States,"$120,905 "
Emery Mitchell,Vice President,Finance,Manufacturing,Female,48,United States,"$231,567 "
Landon Luu,Vice President,IT,Research & Development,Male,31,United States,"$215,388 "
Sophia Ahmed,Sr. Manger,Sales,Speciality Products,Female,30,United States,"$127,972 "
Sofia Dinh,Operations Engineer,Engineering,Corporate,Female,55,United States,"$80,701 "
Jonathan Patel,Manager,Marketing,Corporate,Male,28,China,"$115,417 "
Piper Patterson,Quality Engineer,Engineering,Corporate,Female,45,United States,"$88,045 "
Cora Evans,Computer Systems Manager,IT,Speciality Products,Female,45,United States,"$86,478 "
Cameron Young,Vice President,Engineering,Manufacturing,Male,63,United States,"$180,994 "
Melody Ho,Analyst II,Finance,Research & Development,Female,55,United States,"$64,494 "
Aiden Bryant,Account Representative,Sales,Manufacturing,Male,47,United States,"$70,122 "
Grayson Walker,Director,Accounting,Manufacturing,Male,29,United States,"$181,854 "
Scarlett Figueroa,Business Partner,Human Resources,Speciality Products,Female,34,United States,"$52,811 "
Madeline Hoang,Systems Analyst,IT,Research & Development,Female,28,China,"$50,111 "
Ezra Simmons,Network Administrator,IT,Manufacturing,Male,31,United States,"$71,192 "
Ruby Medina,Director,Sales,Manufacturing,Female,50,United States,"$155,351 "
Luke Zheng,Director,Human Resources,Speciality Products,Male,39,China,"$161,690 "
Rylee Dinh,Development Engineer,Engineering,Speciality Products,Female,35,China,"$60,132 "
Miles Evans,Network Architect,IT,Manufacturing,Male,54,United States,"$87,216 "
Leo Owens,Systems Analyst,IT,Corporate,Male,47,United States,"$50,069 "
Caroline Owens,Director,IT,Speciality Products,Female,26,United States,"$151,108 "
Kennedy Do,Computer Systems Manager,IT,Manufacturing,Female,42,United States,"$67,398 "
Jade Acosta,Development Engineer,Engineering,Research & Development,Female,47,United States,"$68,488 "
Mila Vasquez,Quality Engineer,Engineering,Manufacturing,Female,60,United States,"$92,932 "
Allison Ayala,Analyst,Finance,Corporate,Female,36,United States,"$43,363 "
Jace Zhang,Service Desk Analyst,IT,Speciality Products,Male,31,China,"$95,963 "
Allison Medina,Manager,Finance,Speciality Products,Female,55,Brazil,"$111,038 "
Maria Wilson,Vice President,Engineering,Research & Development,Female,51,United States,"$200,246 "
Everly Coleman,Vice President,IT,Corporate,Female,48,United States,"$194,871 "
Jordan Gomez,Sr. Analyst,Accounting,Research & Development,Male,58,Brazil,"$98,769 "
Isla Chavez,Account Representative,Sales,Research & Development,Female,29,Brazil,"$65,334 "
Hannah Gomez,Technical Architect,IT,Manufacturing,Female,25,United States,"$83,934 "
Jacob Davis,Director,Accounting,Research & Development,Male,36,United States,"$150,399 "
Eli Gupta,Director,Human Resources,Research & Development,Male,37,China,"$160,280 "
Andrew Huynh,Business Partner,Human Resources,Speciality Products,Male,57,United States,"$54,051 "
Anna Gutierrez,Director,Engineering,Research & Development,Female,59,Brazil,"$150,699 "
Samuel Vega,Analyst II,Marketing,Speciality Products,Male,37,United States,"$69,570 "
Liliana Do,Service Desk Analyst,IT,Manufacturing,Female,30,China,"$86,774 "
Isaac Sanders,HRIS Analyst,Human Resources,Manufacturing,Male,49,United States,"$57,606 "
Raelynn Gupta,Sr. Manger,Finance,Corporate,Female,48,China,"$125,730 "
Genesis Xiong,System Administrator ,IT,Research & Development,Female,51,United States,"$64,170 "
Lucas Ramos,Sr. Business Partner,Human Resources,Speciality Products,Male,56,United States,"$72,303 "
Santiago f Gonzalez,Manager,Sales,Research & Development,Male,36,United States,"$105,891 "
Henry Zhu,Vice President,Marketing,Speciality Products,Male,38,United States,"$255,230 "
Emily Contreras,Analyst II,Sales,Manufacturing,Female,56,Brazil,"$59,591 "
Hailey Lai,Vice President,Human Resources,Manufacturing,Female,52,China,"$187,048 "
Vivian Guzman,Analyst II,Finance,Speciality Products,Female,53,United States,"$58,605 "
Hadley Contreras,Director,Engineering,Corporate,Female,60,United States,"$178,502 "
Nathan Sun,Manager,Accounting,Speciality Products,Male,63,China,"$103,724 "
Grace Campos,Director,Engineering,Research & Development,Female,37,Brazil,"$156,277 "
Autumn Ortiz,Field Engineer,Engineering,Research & Development,Female,30,Brazil,"$87,744 "
Connor Walker,Analyst II,Finance,Manufacturing,Male,30,United States,"$54,714 "
Mia Wu,Enterprise Architect,IT,Corporate,Female,45,China,"$99,169 "
Julia Luong,Sr. Manger,Accounting,Research & Development,Female,55,China,"$142,628 "
Eleanor Delgado,Sr. Analyst,Marketing,Manufacturing,Female,33,Brazil,"$75,869 "
Addison Roberts,Network Architect,IT,Manufacturing,Female,65,United States,"$60,985 "
Camila Li,Sr. Manger,IT,Research & Development,Female,60,China,"$126,911 "
Ezekiel Fong,Vice President,Sales,Research & Development,Male,56,China,"$216,949 "
Dylan Thao,Director,Engineering,Manufacturing,Male,53,United States,"$168,510 "
Josephine Salazar,Field Engineer,Engineering,Speciality Products,Female,36,Brazil,"$85,870 "
Genesis Hu,Sr. Analyst,Marketing,Corporate,Female,46,China,"$86,510 "
Mila Juarez,Manager,Sales,Speciality Products,Female,38,Brazil,"$119,647 "
Daniel Perry,Enterprise Architect,IT,Research & Development,Male,62,United States,"$80,921 "
Paisley Hunter,Engineering Manager,Engineering,Research & Development,Female,61,United States,"$98,110 "
Everleigh White,Network Architect,IT,Speciality Products,Female,59,United States,"$86,831 "
Penelope Choi,Technical Architect,IT,Speciality Products,Female,49,China,"$72,826 "
Piper Sun,Director,Marketing,Manufacturing,Female,64,United States,"$171,217 "
Lucy Johnson,Manager,IT,Research & Development,Female,57,United States,"$103,058 "
Ian Ngo,Manager,Sales,Speciality Products,Male,52,United States,"$117,062 "
Joseph Vazquez,Sr. Manger,Accounting,Speciality Products,Male,40,United States,"$159,031 "
Hadley Guerrero,Sr. Manger,IT,Research & Development,Female,49,Brazil,"$125,086 "
Jose Brown,System Administrator ,IT,Speciality Products,Male,43,United States,"$67,976 "
Benjamin Ford,Analyst II,Finance,Speciality Products,Male,31,United States,"$74,215 "
Henry Shah,Director,Accounting,Manufacturing,Male,55,China,"$187,389 "
Ivy Daniels,Sr. Manger,Human Resources,Speciality Products,Female,41,United States,"$131,841 "
Thomas Chang,Sr. Analyst,Accounting,Research & Development,Male,34,China,"$97,231 "
Caroline Phan,Sr. Manger,Finance,Corporate,Female,41,United States,"$155,004 "
Maverick Mehta,Systems Analyst,IT,Manufacturing,Male,40,United States,"$41,859 "
Austin Edwards,IT Coordinator,IT,Manufacturing,Male,42,United States,"$52,733 "
Daniel Huang,Vice President,Human Resources,Corporate,Male,31,United States,"$250,953 "
Lucas Phan,Director,Marketing,Research & Development,Male,49,China,"$191,807 "
Gabriel Yu,Technical Architect,IT,Speciality Products,Male,42,China,"$64,677 "
Mason Watson,Sr. Manger,IT,Corporate,Male,46,United States,"$130,274 "
Angel Chang,Network Architect,IT,Research & Development,Male,37,China,"$96,331 "
Madeline Coleman,Sr. Manger,Finance,Research & Development,Female,51,United States,"$150,758 "
Thomas Vazquez,Director,Engineering,Corporate,Male,46,Brazil,"$173,629 "
Silas Hunter,Solutions Architect,IT,Corporate,Male,55,United States,"$62,174 "
Nicholas Brooks,Analyst II,Accounting,Manufacturing,Male,43,United States,"$56,555 "
Dominic Thomas,Analyst II,Marketing,Manufacturing,Male,48,United States,"$74,655 "
Wesley Adams,System Administrator ,IT,Corporate,Male,48,United States,"$93,017 "
Ian Wu,Sr. Analyst,Marketing,Manufacturing,Male,51,China,"$82,300 "
Alice Young,Automation Engineer,Engineering,Research & Development,Female,46,United States,"$91,621 "
Logan Carrillo,Sr. Analyst,Marketing,Research & Development,Male,33,United States,"$91,280 "
Caroline Alexander,Business Partner,Human Resources,Manufacturing,Female,42,United States,"$47,071 "
Serenity Bailey,IT Systems Architect,IT,Manufacturing,Female,55,United States,"$81,218 "
Elena Tan,Vice President,Engineering,Manufacturing,Female,50,China,"$181,801 "
Eliza Adams,Account Representative,Sales,Manufacturing,Female,26,United States,"$63,137 "
Alice Xiong,Vice President,Engineering,Manufacturing,Female,55,China,"$221,465 "
Isla Yoon,Quality Engineer,Engineering,Research & Development,Female,50,United States,"$79,388 "
Emma Perry,Solutions Architect,IT,Manufacturing,Female,28,United States,"$68,176 "
Riley Marquez,Sr. Manger,Finance,Research & Development,Female,39,United States,"$122,829 "
Caroline Hu,Sr. Manger,Marketing,Speciality Products,Female,31,China,"$126,353 "
Madison Kumar,Director,Accounting,Speciality Products,Female,55,China,"$188,727 "
Matthew Lim,Sr. Analyst,Sales,Research & Development,Male,52,United States,"$99,624 "
Maya Ngo,Manager,Sales,Speciality Products,Female,55,United States,"$108,686 "
Alice Soto,Analyst,Accounting,Corporate,Female,56,Brazil,"$50,857 "
Andrew Moore,Operations Engineer,Engineering,Manufacturing,Male,47,United States,"$120,628 "
Olivia Harris,Director,Sales,Speciality Products,Female,63,United States,"$181,216 "
Genesis Banks,Analyst,Finance,Corporate,Female,63,United States,"$46,081 "
Victoria Johnson,Sr. Manger,Accounting,Corporate,Female,55,United States,"$159,885 "
Eloise Griffin,Director,Sales,Manufacturing,Female,55,United States,"$153,271 "
Roman Yang,Manager,Human Resources,Manufacturing,Male,42,United States,"$114,242 "
Clara Huynh,IT Coordinator,IT,Speciality Products,Female,39,China,"$48,415 "
Kai Flores,Development Engineer,Engineering,Manufacturing,Male,35,United States,"$65,566 "
Jaxson Dinh,Sr. Manger,Marketing,Research & Development,Male,45,China,"$147,752 "
Sophie Vang,Sr. Manger,Marketing,Manufacturing,Female,25,China,"$136,810 "
Axel Jordan,Analyst,Sales,Corporate,Male,47,United States,"$54,635 "
Jade Hunter,Cloud Infrastructure Architect,IT,Corporate,Female,42,United States,"$96,636 "
Lydia Williams,System Administrator ,IT,Manufacturing,Female,35,United States,"$91,592 "
Emery Chang,Business Partner,Human Resources,Research & Development,Female,45,China,"$55,563 "
Savannah He,Director,IT,Research & Development,Female,52,China,"$159,724 "
Elias Ahmed,Vice President,Marketing,Corporate,Male,57,United States,"$183,190 "
Samantha Woods,Analyst,Accounting,Speciality Products,Female,56,United States,"$54,829 "
Axel Soto,Quality Engineer,Engineering,Corporate,Male,46,Brazil,"$96,639 "
Amelia Choi,Manager,Marketing,Speciality Products,Female,43,United States,"$117,278 "
Jacob Khan,Computer Systems Manager,IT,Speciality Products,Male,53,China,"$84,193 "
Luna Taylor,Network Administrator,IT,Manufacturing,Female,47,United States,"$87,806 "
Dominic Parker,Test Engineer,Engineering,Research & Development,Male,62,United States,"$63,959 "
Angel Xiong,Vice President,IT,Research & Development,Male,35,China,"$234,723 "
Emma Cao,Analyst,Accounting,Corporate,Female,27,China,"$50,809 "
Ezekiel Bryant,Sr. Analyst,Finance,Manufacturing,Male,55,United States,"$77,396 "
Natalie Hwang,Sr. Analyst,Finance,Speciality Products,Female,63,United States,"$89,523 "
Adeline Yang,Cloud Infrastructure Architect,IT,Corporate,Female,53,China,"$86,173 "
Allison Roberts,Vice President,Sales,Manufacturing,Female,54,United States,"$222,224 "
Andrew Do,Sr. Manger,Finance,Research & Development,Male,43,United States,"$146,140 "
Eliana Grant,Engineering Manager,Engineering,Speciality Products,Female,64,United States,"$109,456 "
Mila Soto,Director,Finance,Research & Development,Female,65,Brazil,"$170,221 "
Gabriella Johnson,Computer Systems Manager,IT,Research & Development,Female,42,United States,"$97,433 "
Jonathan Khan,Account Representative,Sales,Manufacturing,Male,35,China,"$59,646 "
Elias Dang,Director,Engineering,Speciality Products,Male,64,China,"$158,787 "
Theodore Ngo,Controls Engineer,Engineering,Research & Development,Male,55,China,"$83,378 "
Bella Lopez,Sr. Analyst,Marketing,Corporate,Female,32,United States,"$88,895 "
Luca Truong,Director,Marketing,Corporate,Male,45,China,"$168,846 "
Nathan Lau,Business Partner,Human Resources,Research & Development,Male,35,United States,"$43,336 "
Henry Campos,Sr. Manger,Human Resources,Corporate,Male,38,United States,"$127,801 "
Connor Bell,Network Administrator,IT,Corporate,Male,54,United States,"$76,352 "
Angel Stewart,Vice President,Finance,Corporate,Male,28,United States,"$250,767 "
Landon Brown,Vice President,Marketing,Corporate,Male,26,United States,"$223,055 "
Nicholas Rivera,Director,Engineering,Corporate,Male,45,Brazil,"$189,680 "
Gabriel Carter,Test Engineer,Engineering,Manufacturing,Male,57,United States,"$71,167 "
Leilani Baker,Technical Architect,IT,Speciality Products,Female,59,United States,"$76,027 "
Ian Flores,Director,Engineering,Corporate,Male,48,Brazil,"$183,113 "
Hudson Thompson,Analyst II,Accounting,Manufacturing,Male,30,United States,"$67,753 "
Ian Miller,Computer Systems Manager,IT,Corporate,Male,31,United States,"$63,744 "
Harper Chin,Quality Engineer,Engineering,Manufacturing,Female,50,China,"$92,209 "
Santiago f Brooks,Sr. Manger,Sales,Corporate,Male,51,United States,"$157,487 "
Dylan Dominguez,Sr. Analyst,Marketing,Research & Development,Male,42,Brazil,"$99,697 "
Everett Lee,Network Administrator,IT,Research & Development,Male,45,United States,"$90,770 "
Madelyn Mehta,Analyst,Sales,Speciality Products,Female,64,United States,"$55,369 "
Athena Vasquez,Field Engineer,Engineering,Speciality Products,Female,59,Brazil,"$69,578 "
William Watson,Director,Accounting,Speciality Products,Male,41,United States,"$167,526 "
Everleigh Nunez,Field Engineer,Engineering,Speciality Products,Female,42,Brazil,"$65,507 "
Leo Fernandez,Manager,Finance,Research & Development,Male,54,Brazil,"$108,268 "
Joshua Lin,Technical Architect,IT,Research & Development,Male,37,China,"$80,055 "
Alexander Rivera,Sr. Analyst,Sales,Research & Development,Male,58,Brazil,"$76,802 "
David Desai,Vice President,Sales,Speciality Products,Male,47,United States,"$253,249 "
Aubrey Yoon,Sr. Business Partner,Human Resources,Research & Development,Female,60,China,"$78,388 "
Grayson Brown,Vice President,IT,Corporate,Male,38,United States,"$249,870 "
Noah Chen,Sr. Manger,Marketing,Manufacturing,Male,63,China,"$148,321 "
Ella Nguyen,Service Desk Analyst,IT,Corporate,Female,60,China,"$90,258 "
Athena Jordan,System Administrator ,IT,Manufacturing,Female,42,United States,"$72,486 "
Adrian Ruiz,Sr. Analyst,Finance,Corporate,Male,34,Brazil,"$95,499 "
Zoe Sanchez,Sr. Analyst,Accounting,Research & Development,Female,53,Brazil,"$90,212 "
Jameson Chen,Vice President,Marketing,Research & Development,Male,39,China,"$254,057 "
Liliana Soto,Business Partner,Human Resources,Manufacturing,Female,58,United States,"$43,001 "
Lincoln Reyes,Computer Systems Manager,IT,Manufacturing,Male,60,United States,"$85,120 "
Grayson Soto,Business Partner,Human Resources,Manufacturing,Male,34,United States,"$52,200 "
Julia Morris,Sr. Manger,Human Resources,Corporate,Female,60,United States,"$150,855 "
Ava Ortiz,Enterprise Architect,IT,Manufacturing,Female,53,United States,"$65,702 "
Carson Chau,Director,Finance,Corporate,Male,58,China,"$162,038 "
Lillian Chen,Sr. Manger,Marketing,Research & Development,Female,25,United States,"$157,057 "
Josiah Lewis,Manager,IT,Research & Development,Male,46,United States,"$127,559 "
Claire Jones,Field Engineer,Engineering,Corporate,Female,39,United States,"$62,644 "
Jeremiah Lu,Network Architect,IT,Manufacturing,Male,50,China,"$73,907 "
Nova Hill,Sr. Analyst,Accounting,Manufacturing,Female,56,United States,"$90,040 "
Peyton Cruz,Development Engineer,Engineering,Manufacturing,Female,30,Brazil,"$91,134 "
Naomi Zhao,Vice President,Human Resources,Speciality Products,Female,45,United States,"$201,396 "
Rylee Bui,Analyst,Accounting,Corporate,Female,55,China,"$54,733 "
Andrew Reed,System Administrator ,IT,Corporate,Male,28,United States,"$65,341 "
Brooklyn Collins,Sr. Manger,Finance,Corporate,Female,59,United States,"$139,208 "
John Jung,Sr. Analyst,Sales,Speciality Products,Male,63,China,"$73,200 "
Samantha Aguilar,Manager,Accounting,Speciality Products,Female,46,United States,"$102,636 "
Madeline Acosta,Sr. Account Representative,Sales,Speciality Products,Female,26,Brazil,"$87,427 "
Ethan Joseph,IT Coordinator,IT,Research & Development,Male,45,United States,"$49,219 "
Miles Mehta,Manager,Finance,Manufacturing,Male,50,China,"$106,437 "
Joshua Juarez,Analyst II,Finance,Manufacturing,Male,46,Brazil,"$64,364 "
Matthew Howard,Director,Human Resources,Manufacturing,Male,50,United States,"$172,180 "
Jade Figueroa,Sr. Analyst,Sales,Manufacturing,Female,33,Brazil,"$88,343 "
Everett Morales,Solutions Architect,IT,Speciality Products,Male,57,Brazil,"$66,649 "
Genesis Hunter,Manager,Finance,Corporate,Female,48,United States,"$102,847 "
Henry Figueroa,Sr. Manger,Finance,Manufacturing,Male,46,Brazil,"$134,881 "
Nicholas Song,Analyst II,Marketing,Manufacturing,Male,52,China,"$68,807 "
Jack Alexander,Vice President,IT,Manufacturing,Male,56,United States,"$228,822 "
Jameson Foster,Analyst,Marketing,Manufacturing,Male,28,United States,"$43,391 "
Leonardo Lo,Quality Engineer,Engineering,Speciality Products,Male,29,China,"$91,782 "
Ella Huang,Vice President,Marketing,Corporate,Female,45,United States,"$211,637 "
Liam Jordan,Computer Systems Manager,IT,Manufacturing,Male,28,United States,"$73,255 "
Isaac Woods,Manager,Sales,Corporate,Male,28,United States,"$108,826 "
Luke Wilson,Solutions Architect,IT,Speciality Products,Male,34,United States,"$94,352 "
Lyla Alvarez,IT Systems Architect,IT,Research & Development,Female,55,United States,"$73,955 "
Caleb Flores,Manager,Human Resources,Manufacturing,Male,34,Brazil,"$113,909 "
Angel Lin,Network Administrator,IT,Manufacturing,Male,27,United States,"$92,321 "
Easton Moore,Computer Systems Manager,IT,Research & Development,Male,52,United States,"$99,557 "
Kinsley Collins,Automation Engineer,Engineering,Speciality Products,Female,28,United States,"$115,854 "
Brooklyn Salazar,IT Systems Architect,IT,Manufacturing,Female,44,United States,"$82,462 "
Scarlett Jenkins,Vice President,IT,Research & Development,Female,53,United States,"$198,473 "
Melody Chin,Sr. Manger,Finance,Corporate,Female,43,United States,"$153,492 "
Eloise Alexander,Vice President,Human Resources,Corporate,Female,28,United States,"$208,210 "
Carter Turner,Sr. Analyst,Marketing,Corporate,Male,33,United States,"$91,632 "
Andrew Ma,HRIS Analyst,Human Resources,Corporate,Male,31,China,"$71,755 "
Hailey Xi,Manager,Accounting,Corporate,Female,52,China,"$111,006 "
Aiden Le,Cloud Infrastructure Architect,IT,Corporate,Male,55,United States,"$99,774 "
Christopher Lim,Director,IT,Research & Development,Male,55,China,"$184,648 "
James Castillo,Vice President,IT,Manufacturing,Male,51,Brazil,"$247,874 "
Greyson Dang,Development Engineer,Engineering,Manufacturing,Male,60,China,"$62,239 "
Hannah King,Manager,Accounting,Speciality Products,Female,31,United States,"$114,911 "
Wesley Dominguez,Engineering Manager,Engineering,Corporate,Male,45,United States,"$115,490 "
Dominic Hu,Manager,Accounting,Speciality Products,Male,34,China,"$118,708 "
Nora Park,Director,Accounting,Speciality Products,Female,29,United States,"$197,649 "
Audrey Hwang,Sr. Analyst,Accounting,Speciality Products,Female,45,China,"$89,841 "
Ella Jenkins,Analyst II,Finance,Speciality Products,Female,52,United States,"$61,026 "
Peyton Owens,Controls Engineer,Engineering,Speciality Products,Female,48,United States,"$96,693 "
Alice Lopez,Test Engineer,Engineering,Speciality Products,Female,48,United States,"$82,907 "
Dominic Le,Vice President,Marketing,Corporate,Male,41,China,"$257,194 "
Ezra Ortiz,Quality Engineer,Engineering,Research & Development,Male,41,United States,"$94,658 "
Grayson Luu,Quality Engineer,Engineering,Research & Development,Male,55,China,"$89,419 "
Brooks Stewart,HRIS Analyst,Human Resources,Manufacturing,Male,45,United States,"$51,983 "
Naomi Xi,Director,Finance,Corporate,Female,53,China,"$179,494 "
Silas Estrada,IT Systems Architect,IT,Corporate,Male,49,Brazil,"$68,426 "
Skylar Ayala,Sr. Manger,Finance,Corporate,Female,55,United States,"$144,986 "
Lydia Huynh,Account Representative,Sales,Speciality Products,Female,45,United States,"$60,113 "
Hazel Cortez,HRIS Analyst,Human Resources,Research & Development,Female,52,Brazil,"$50,548 "
Everleigh Adams,Analyst II,Marketing,Manufacturing,Female,33,United States,"$68,846 "
Layla Salazar,Solutions Architect,IT,Corporate,Female,59,United States,"$90,901 "
Willow Chen,Manager,Accounting,Corporate,Female,50,United States,"$102,033 "
Penelope Griffin,Director,Sales,Manufacturing,Female,61,United States,"$151,783 "
Lillian Romero,Director,Engineering,Corporate,Female,27,United States,"$170,164 "
Stella Wu,Sr. Manger,Marketing,Speciality Products,Female,35,United States,"$155,905 "
Parker Vang,Analyst,Sales,Corporate,Male,40,United States,"$50,733 "
Mila Roberts,Sr. Business Partner,Human Resources,Corporate,Female,30,United States,"$88,663 "
Isaac Liu,Field Engineer,Engineering,Manufacturing,Male,60,China,"$88,213 "
Jacob Doan,Analyst II,Sales,Speciality Products,Male,55,United States,"$67,130 "
Raelynn Ma,Sr. Analyst,Finance,Speciality Products,Female,33,United States,"$94,876 "
Jameson Juarez,Development Engineer,Engineering,Speciality Products,Male,62,United States,"$98,230 "
Everleigh Shah,Test Engineer,Engineering,Research & Development,Female,36,United States,"$96,757 "
Alexander Foster,Analyst II,Marketing,Manufacturing,Male,35,United States,"$51,513 "
Ryan Ha,Vice President,Marketing,Corporate,Male,60,United States,"$234,311 "
Chloe Salazar,Sr. Manger,Human Resources,Speciality Products,Female,45,United States,"$152,353 "
Layla Scott,Sr. Manger,Accounting,Speciality Products,Female,48,United States,"$124,774 "
Leah Khan,Director,Marketing,Corporate,Female,36,China,"$157,070 "
Mason Jimenez,Sr. Manger,Finance,Speciality Products,Male,44,United States,"$130,133 "
Hailey Dang,Manager,Marketing,Manufacturing,Female,64,China,"$108,780 "
Amelia Bui,Director,Engineering,Speciality Products,Female,46,China,"$151,853 "
Elena Her,Account Representative,Sales,Manufacturing,Female,62,China,"$64,669 "
Ian Cortez,Analyst II,Marketing,Research & Development,Male,61,Brazil,"$69,352 "
Christian Ali,Analyst II,Marketing,Research & Development,Male,65,China,"$74,631 "
Carter Ortiz,Quality Engineer,Engineering,Speciality Products,Male,54,Brazil,"$96,441 "
Grayson Chan,Engineering Manager,Engineering,Speciality Products,Male,46,China,"$114,250 "
Nolan Molina,Computer Systems Manager,IT,Corporate,Male,36,Brazil,"$70,165 "
Adam Kaur,Manager,IT,Corporate,Male,60,China,"$109,059 "
Amelia Kaur,Operations Engineer,Engineering,Research & Development,Female,30,United States,"$77,442 "
Autumn Gonzales,Analyst II,Sales,Corporate,Female,34,Brazil,"$72,126 "
Ezra Wilson,Service Desk Analyst,IT,Manufacturing,Male,55,United States,"$70,334 "
Jacob Cheng,Quality Engineer,Engineering,Research & Development,Male,59,United States,"$78,006 "
Melody Valdez,Director,IT,Manufacturing,Female,28,United States,"$160,385 "
Caroline Nelson,Vice President,Finance,Corporate,Female,36,United States,"$202,323 "
Ellie Guerrero,Sr. Manger,Human Resources,Corporate,Female,29,Brazil,"$141,555 "
Genesis Zhu,Director,Finance,Speciality Products,Female,34,United States,"$184,960 "
Jonathan Ho,Vice President,IT,Manufacturing,Male,37,United States,"$221,592 "
Savannah Park,HRIS Analyst,Human Resources,Manufacturing,Female,44,United States,"$53,301 "
Nathan Chan,Cloud Infrastructure Architect,IT,Corporate,Male,45,United States,"$91,276 "
Sofia Vu,Sr. Manger,Human Resources,Research & Development,Female,52,United States,"$140,042 "
Ruby Choi,Analyst,Accounting,Manufacturing,Female,40,United States,"$57,225 "
Lily Pena,Manager,Human Resources,Speciality Products,Female,55,United States,"$102,839 "
Liam Zhang,Director,Marketing,Research & Development,Male,29,United States,"$199,783 "
Ian Gutierrez,Sr. Business Partner,Human Resources,Research & Development,Male,32,Brazil,"$70,980 "
David Simmons,Manager,Marketing,Corporate,Male,51,United States,"$104,431 "
Lincoln Henderson,Business Partner,Human Resources,Speciality Products,Male,28,United States,"$48,510 "
Nathan Miller,Quality Engineer,Engineering,Speciality Products,Male,27,United States,"$70,110 "
James Singh,Director,Marketing,Corporate,Male,45,China,"$186,138 "
Kayden Ortega,Analyst,Accounting,Manufacturing,Male,58,Brazil,"$56,350 "
Lucy Figueroa,Sr. Manger,Finance,Research & Development,Female,45,United States,"$149,761 "
Joshua Cortez,Sr. Manger,Finance,Corporate,Male,44,Brazil,"$126,277 "
Alexander Morris,Manager,Sales,Speciality Products,Male,33,United States,"$119,631 "
Grayson Chin,Vice President,IT,Research & Development,Male,26,United States,"$256,561 "
Allison Espinoza,Solutions Architect,IT,Speciality Products,Female,45,United States,"$66,958 "
Naomi Chu,Sr. Manger,Sales,Manufacturing,Female,46,China,"$158,897 "
Jameson Martin,Technical Architect,IT,Corporate,Male,37,United States,"$71,695 "
Sebastian Gupta,Sr. Analyst,Marketing,Corporate,Male,40,China,"$73,779 "
Eloise Pham,Manager,Sales,Speciality Products,Female,45,China,"$123,640 "
Valentina Davis,Analyst,Sales,Speciality Products,Female,33,United States,"$46,878 "
Brooklyn Daniels,Analyst,Marketing,Speciality Products,Female,64,United States,"$57,032 "
Paisley Gomez,Sr. Analyst,Sales,Manufacturing,Female,57,Brazil,"$98,150 "
Madison Li,Director,Marketing,Manufacturing,Female,35,China,"$171,426 "
Everleigh Simmons,Analyst,Finance,Manufacturing,Female,55,United States,"$48,266 "
Logan Soto,Vice President,Finance,Research & Development,Male,36,United States,"$223,404 "
Charlotte Vo,System Administrator ,IT,Speciality Products,Female,57,United States,"$74,854 "
Alice Thompson,Vice President,Accounting,Speciality Products,Female,48,United States,"$217,783 "
Peyton Garza,Systems Analyst,IT,Manufacturing,Female,53,Brazil,"$44,735 "
Nora Nelson,Analyst II,Finance,Manufacturing,Female,41,United States,"$50,685 "
Maverick Li,Analyst II,Sales,Research & Development,Male,34,United States,"$58,993 "
Ian Barnes,Operations Engineer,Engineering,Corporate,Male,47,United States,"$115,765 "
Athena Vu,Director,Accounting,Manufacturing,Female,63,United States,"$193,044 "
Ruby Washington,Analyst,Marketing,Research & Development,Female,65,United States,"$56,686 "
Bella Butler,Sr. Manger,Finance,Manufacturing,Female,33,United States,"$131,652 "
Kinsley Henry,Director,Marketing,Manufacturing,Female,45,United States,"$150,577 "
Kennedy Romero,Engineering Manager,Engineering,Research & Development,Female,37,Brazil,"$87,359 "
Zoe Do,Analyst II,Sales,Speciality Products,Female,60,China,"$51,877 "
Everett Khan,Solutions Architect,IT,Manufacturing,Male,43,United States,"$86,417 "
Anna Han,System Administrator ,IT,Research & Development,Female,65,United States,"$96,548 "
Leilani Sharma,Sr. Analyst,Accounting,Manufacturing,Female,43,China,"$92,940 "
Jordan Cho,Analyst II,Accounting,Speciality Products,Male,28,United States,"$61,410 "
Nova Williams,Manager,Finance,Speciality Products,Female,61,United States,"$110,302 "
Scarlett Hill,Director,Engineering,Speciality Products,Female,45,United States,"$187,205 "
Dominic Scott,Sr. Analyst,Sales,Corporate,Male,45,United States,"$81,687 "
Anthony Marquez,Vice President,IT,Speciality Products,Male,54,United States,"$241,083 "
Elena Patterson,Vice President,Finance,Speciality Products,Female,38,United States,"$223,805 "
Madison Nelson,Director,Accounting,Corporate,Female,27,United States,"$161,759 "
William Walker,Computer Systems Manager,IT,Research & Development,Male,40,United States,"$95,899 "
Lincoln Wong,Sr. Analyst,Finance,Corporate,Male,49,United States,"$80,700 "
James Huang,Manager,Human Resources,Speciality Products,Male,54,China,"$128,136 "
Emery Ford,Analyst II,Marketing,Corporate,Female,39,United States,"$58,745 "
Paisley Trinh,Technical Architect,IT,Corporate,Female,57,United States,"$76,202 "
Hudson Williams,Vice President,Sales,Speciality Products,Male,36,United States,"$195,200 "
Harper Phan,Analyst II,Finance,Manufacturing,Female,45,China,"$71,454 "
Madeline Allen,Cloud Infrastructure Architect,IT,Manufacturing,Female,30,United States,"$94,652 "
Charles Moore,Technical Architect,IT,Manufacturing,Male,34,United States,"$63,411 "
Lincoln Fong,Analyst II,Sales,Speciality Products,Male,31,China,"$67,171 "
Isla Guzman,Sr. Manger,Accounting,Speciality Products,Female,28,Brazil,"$152,036 "
Hailey Foster,Controls Engineer,Engineering,Manufacturing,Female,55,United States,"$95,562 "
Hudson Hill,Sr. Analyst,Sales,Research & Development,Male,30,United States,"$96,092 "
Wyatt Li,Vice President,Engineering,Manufacturing,Male,63,United States,"$254,289 "
Maverick Henry,Computer Systems Manager,IT,Research & Development,Male,26,United States,"$69,110 "
Xavier Jackson,Vice President,Marketing,Speciality Products,Male,52,United States,"$236,314 "
Christian Medina,Analyst,Marketing,Corporate,Male,51,United States,"$45,206 "
Autumn Leung,Vice President,Finance,Research & Development,Female,25,United States,"$210,708 "
Robert Vazquez,System Administrator ,IT,Corporate,Male,40,United States,"$87,770 "
Aria Roberts,Manager,Accounting,Corporate,Female,38,United States,"$106,858 "
Axel Johnson,Director,Human Resources,Corporate,Male,60,United States,"$155,788 "
Madeline Garcia,Sr. Business Partner,Human Resources,Speciality Products,Female,45,Brazil,"$74,891 "
Christopher Chung,Controls Engineer,Engineering,Corporate,Male,28,United States,"$95,670 "
Eliana Turner,Account Representative,Sales,Research & Development,Female,65,United States,"$67,837 "
Daniel Shah,Analyst II,Sales,Research & Development,Male,41,China,"$72,425 "
Penelope Gonzalez,Sr. Analyst,Sales,Corporate,Female,52,United States,"$93,103 "
Mila Allen,Controls Engineer,Engineering,Corporate,Female,56,United States,"$76,272 "
Emilia Chu,Analyst II,Finance,Manufacturing,Female,48,United States,"$55,760 "
Emily Clark,Vice President,Accounting,Corporate,Female,36,United States,"$253,294 "
Roman King,Analyst II,Finance,Corporate,Male,60,United States,"$58,671 "
Emery Do,Account Representative,Sales,Research & Development,Female,40,United States,"$55,457 "
Autumn Thao,Account Representative,Sales,Manufacturing,Female,63,United States,"$72,340 "
Naomi Coleman,Manager,Marketing,Corporate,Female,29,United States,"$122,054 "
Cora Zheng,Director,IT,Manufacturing,Female,27,China,"$167,100 "
Ayla Daniels,Technical Architect,IT,Corporate,Female,53,United States,"$78,153 "
Allison Daniels,Manager,Finance,Manufacturing,Female,37,United States,"$103,524 "
Mateo Harris,Manager,IT,Corporate,Male,30,United States,"$119,906 "
Samantha Rogers,Analyst,Marketing,Speciality Products,Female,28,United States,"$45,061 "
Julian Lee,IT Systems Architect,IT,Corporate,Male,51,United States,"$91,399 "
Nicholas Avila,Enterprise Architect,IT,Research & Development,Male,28,United States,"$97,336 "
Hailey Watson,Sr. Manger,Accounting,Corporate,Female,31,United States,"$124,629 "
Willow Woods,Vice President,Human Resources,Speciality Products,Female,28,United States,"$231,850 "
Alexander Gonzales,Manager,Accounting,Research & Development,Male,34,United States,"$128,329 "
Aiden Gonzales,Vice President,Marketing,Speciality Products,Male,44,Brazil,"$186,033 "
Joshua Chin,Sr. Manger,Marketing,Manufacturing,Male,60,United States,"$121,480 "
Paisley Hall,Director,Human Resources,Speciality Products,Female,41,United States,"$153,275 "
Allison Leung,Sr. Analyst,Sales,Research & Development,Female,62,United States,"$97,830 "
Hannah Mejia,Vice President,Marketing,Corporate,Female,47,United States,"$239,394 "
Elizabeth Huang,Analyst,Finance,Speciality Products,Female,62,China,"$49,738 "
Abigail Garza,Analyst,Accounting,Manufacturing,Female,33,United States,"$45,049 "
Raelynn Lu,Director,Finance,Research & Development,Female,27,China,"$153,628 "
Charles Luu,Sr. Manger,Sales,Manufacturing,Male,25,China,"$142,731 "
Lydia Espinoza,Sr. Manger,Marketing,Speciality Products,Female,29,Brazil,"$137,106 "
Adeline Thao,Vice President,Finance,Corporate,Female,54,United States,"$183,239 "
Kinsley Dixon,Analyst,Accounting,Manufacturing,Female,28,United States,"$45,819 "
Natalia Vu,Analyst,Accounting,Research & Development,Female,54,United States,"$55,518 "
Julia Mai,Manager,Marketing,Manufacturing,Female,50,China,"$108,134 "
Camila Evans,Manager,Marketing,Research & Development,Female,55,United States,"$113,950 "
Everly Lai,Vice President,Marketing,Speciality Products,Female,52,United States,"$182,035 "
Adam He,Director,Accounting,Speciality Products,Male,35,China,"$181,356 "
Vivian Hunter,Account Representative,Sales,Corporate,Female,26,United States,"$66,084 "
Lucy Avila,Solutions Architect,IT,Speciality Products,Female,43,Brazil,"$76,912 "
Eliana Li,Test Engineer,Engineering,Research & Development,Female,63,United States,"$67,987 "
Logan Mitchell,Analyst II,Marketing,Manufacturing,Male,65,United States,"$59,833 "
Dominic Dinh,Sr. Manger,Marketing,Speciality Products,Male,45,United States,"$128,468 "
Lucas Daniels,Manager,Sales,Corporate,Male,42,United States,"$102,440 "
Andrew Holmes,Vice President,IT,Speciality Products,Male,59,United States,"$246,619 "
Julia Sandoval,Manager,Human Resources,Corporate,Female,42,United States,"$101,143 "
Kennedy Vargas,Business Partner,Human Resources,Manufacturing,Female,45,Brazil,"$51,404 "
Thomas Williams,Field Engineer,Engineering,Speciality Products,Male,45,United States,"$87,292 "
Raelynn Hong,Director,Marketing,Speciality Products,Female,28,China,"$182,321 "
Eli Reed,Systems Analyst,IT,Corporate,Male,51,United States,"$53,929 "
Lyla Yoon,Vice President,Accounting,Manufacturing,Female,38,United States,"$191,571 "
Hannah White,Sr. Manger,Accounting,Corporate,Female,62,United States,"$150,555 "
Theodore Xi,Manager,Finance,Corporate,Male,52,China,"$122,890 "
Ezra Liang,Vice President,Finance,Research & Development,Male,52,United States,"$216,999 "
Grayson Yee,Manager,Human Resources,Corporate,Male,48,China,"$110,565 "
Eli Richardson,IT Coordinator,IT,Speciality Products,Male,38,United States,"$48,762 "
Audrey Lee,Development Engineer,Engineering,Speciality Products,Female,51,China,"$87,036 "
Jameson Allen,Director,Marketing,Speciality Products,Male,32,United States,"$177,443 "
Eliza Chen,Enterprise Architect,IT,Research & Development,Female,36,United States,"$75,862 "
Lyla Chen,Sr. Business Partner,Human Resources,Research & Development,Female,45,United States,"$90,870 "
Emily Doan,Engineering Manager,Engineering,Corporate,Female,32,United States,"$99,202 "
Jack Mai,Sr. Analyst,Marketing,Corporate,Male,45,China,"$92,293 "
Grayson Turner,Solutions Architect,IT,Corporate,Male,54,United States,"$63,196 "
Ivy Tang,Development Engineer,Engineering,Speciality Products,Female,48,China,"$65,340 "
Robert Zhang,Vice President,Marketing,Corporate,Male,45,United States,"$202,680 "
Eva Alvarado,Computer Systems Manager,IT,Manufacturing,Female,46,Brazil,"$77,461 "
Abigail Vang,Operations Engineer,Engineering,Research & Development,Female,40,China,"$109,680 "
Claire Adams,Director,Sales,Manufacturing,Female,61,United States,"$159,567 "
Theodore Marquez,Development Engineer,Engineering,Speciality Products,Male,54,Brazil,"$94,407 "
Hunter Nunez,Vice President,Human Resources,Corporate,Male,62,United States,"$234,594 "
Charles Henderson,Systems Analyst,IT,Speciality Products,Male,48,United States,"$43,080 "
Camila Cortez,Manager,Marketing,Manufacturing,Female,29,United States,"$129,541 "
Aaron Garza,Director,Sales,Research & Development,Male,39,United States,"$165,756 "
Jose Singh,Sr. Manger,Finance,Speciality Products,Male,44,United States,"$142,878 "
Gabriel Joseph,Director,Engineering,Manufacturing,Male,52,United States,"$187,992 "
Natalia Santos,Vice President,Human Resources,Speciality Products,Female,45,Brazil,"$249,801 "
Dylan Wilson,Network Administrator,IT,Research & Development,Male,48,United States,"$76,505 "
Robert Alvarez,Service Desk Analyst,IT,Corporate,Male,39,Brazil,"$84,297 "
Samantha Chavez,Sr. Analyst,Sales,Speciality Products,Female,53,Brazil,"$75,769 "
Samuel Bailey,Vice President,Accounting,Speciality Products,Male,41,United States,"$235,619 "
Ezekiel Delgado,Director,Engineering,Speciality Products,Male,40,Brazil,"$187,187 "
Benjamin Ramirez,Network Engineer,IT,Research & Development,Male,48,United States,"$68,987 "
Anthony Carter,Director,Engineering,Speciality Products,Male,41,United States,"$155,926 "
Ethan Tang,Sr. Analyst,Accounting,Speciality Products,Male,54,United States,"$93,668 "
Sebastian Rogers,HRIS Analyst,Human Resources,Research & Development,Male,38,United States,"$69,647 "
Miles Thao,System Administrator ,IT,Corporate,Male,57,United States,"$63,318 "
William Cao,Sr. Analyst,Marketing,Manufacturing,Male,63,China,"$77,629 "
Leo Hsu,Sr. Manger,Human Resources,Manufacturing,Male,62,China,"$138,808 "
Avery Grant,Enterprise Architect,IT,Research & Development,Female,49,United States,"$88,777 "
Penelope Fong,Director,Accounting,Corporate,Female,60,China,"$186,378 "
Vivian Thao,Quality Engineer,Engineering,Research & Development,Female,45,United States,"$60,017 "
Eva Estrada,Sr. Manger,Sales,Speciality Products,Female,45,Brazil,"$148,991 "
Emma Luna,Field Engineer,Engineering,Speciality Products,Female,52,Brazil,"$97,398 "
Charlotte Wu,Sr. Business Partner,Human Resources,Manufacturing,Female,63,China,"$72,805 "
Vivian Chu,Sr. Account Representative,Sales,Research & Development,Female,46,China,"$72,131 "
Jayden Williams,Manager,Human Resources,Manufacturing,Male,64,United States,"$104,668 "
Amelia Bell,Sr. Analyst,Sales,Manufacturing,Female,53,United States,"$89,769 "
Addison Mehta,Manager,Sales,Corporate,Female,27,United States,"$127,616 "
Alexander Jackson,Manager,Human Resources,Corporate,Male,45,United States,"$109,883 "
Everly Lin,Business Partner,Human Resources,Manufacturing,Female,25,China,"$47,974 "
Lyla Stewart,Sr. Manger,IT,Speciality Products,Female,43,United States,"$120,321 "
Brooklyn Ruiz,IT Coordinator,IT,Manufacturing,Female,61,United States,"$57,446 "
Skylar Evans,Director,Accounting,Research & Development,Female,42,United States,"$174,099 "
Lincoln Huynh,Sr. Manger,Finance,Manufacturing,Male,63,United States,"$128,703 "
Hazel Griffin,Field Engineer,Engineering,Corporate,Female,32,United States,"$65,247 "
Charles Gonzalez,Quality Engineer,Engineering,Research & Development,Male,27,Brazil,"$64,247 "
Leah Patterson,Manager,Human Resources,Research & Development,Female,33,United States,"$118,253 "
Avery Sun,Operations Engineer,Engineering,Manufacturing,Female,45,China,"$109,422 "
Isaac Yoon,Manager,Human Resources,Corporate,Male,41,United States,"$126,950 "
Isabella Bui,Enterprise Architect,IT,Manufacturing,Female,36,United States,"$97,500 "
Gabriel Zhou,IT Coordinator,IT,Manufacturing,Male,25,China,"$41,844 "
Jack Vu,Analyst II,Accounting,Research & Development,Male,43,China,"$58,875 "
Valentina Moua,Account Representative,Sales,Manufacturing,Female,37,United States,"$64,204 "
Quinn Trinh,Analyst II,Sales,Corporate,Female,42,China,"$67,743 "
Caroline Nelson,Sr. Account Representative,Sales,Speciality Products,Female,60,United States,"$71,677 "
Miles Dang,IT Coordinator,IT,Speciality Products,Male,61,United States,"$40,063 "
Leah Bryant,IT Coordinator,IT,Manufacturing,Female,55,United States,"$40,124 "
Henry Jung,Automation Engineer,Engineering,Manufacturing,Male,57,United States,"$103,183 "
Benjamin Mai,System Administrator ,IT,Corporate,Male,54,United States,"$95,239 "
Anna Han,Development Engineer,Engineering,Manufacturing,Female,29,United States,"$75,012 "
Ariana Kim,Network Architect,IT,Manufacturing,Female,33,China,"$96,366 "
Alice Tran,Analyst,Marketing,Corporate,Female,39,United States,"$40,897 "
Hailey Song,Manager,Finance,Research & Development,Female,37,China,"$124,928 "
Lydia Morales,Manager,Finance,Speciality Products,Female,51,Brazil,"$108,221 "
Liam Sanders,Sr. Business Partner,Human Resources,Corporate,Male,46,United States,"$75,579 "
Luke Sanchez,Sr. Manger,Human Resources,Manufacturing,Male,41,Brazil,"$129,903 "
Grace Sun,Director,Finance,Research & Development,Female,25,China,"$186,870 "
Ezra Banks,Analyst II,Sales,Research & Development,Male,37,United States,"$57,531 "
Jayden Kang,Analyst,Finance,Research & Development,Male,46,United States,"$55,894 "
Skylar Shah,Field Engineer,Engineering,Manufacturing,Female,42,United States,"$72,903 "
Sebastian Le,Analyst,Finance,Corporate,Male,37,China,"$45,369 "
Luca Nelson,Manager,Finance,Speciality Products,Male,60,United States,"$106,578 "
Riley Ramirez,Sr. Business Partner,Human Resources,Research & Development,Female,52,United States,"$92,994 "
Jaxon Fong,Sr. Analyst,Sales,Speciality Products,Male,59,China,"$83,685 "
Kayden Jordan,Cloud Infrastructure Architect,IT,Research & Development,Male,48,United States,"$99,335 "
Alexander James,Sr. Manger,Human Resources,Manufacturing,Male,42,United States,"$131,179 "
Connor Luu,Computer Systems Manager,IT,Speciality Products,Male,35,China,"$73,899 "
Christopher Lam,Vice President,Accounting,Manufacturing,Male,64,United States,"$252,325 "
Sophie Owens,Analyst II,Finance,Research & Development,Female,30,United States,"$52,697 "
Addison Perez,Operations Engineer,Engineering,Speciality Products,Female,29,Brazil,"$123,588 "
Hadley Dang,Vice President,Accounting,Corporate,Female,47,United States,"$243,568 "
Ethan Mehta,Director,Sales,Research & Development,Male,49,United States,"$199,176 "
Madison Her,Technical Architect,IT,Speciality Products,Female,56,United States,"$82,806 "
Savannah Singh,Director,Marketing,Speciality Products,Female,53,United States,"$164,399 "
Nevaeh Hsu,Sr. Manger,Human Resources,Manufacturing,Female,32,United States,"$154,956 "
Jordan Zhu,Sr. Manger,Marketing,Manufacturing,Male,32,United States,"$143,970 "
Jackson Navarro,Director,Sales,Corporate,Male,52,Brazil,"$163,143 "
Sadie Patterson,Sr. Analyst,Accounting,Speciality Products,Female,38,United States,"$89,390 "
Christopher Butler,Network Architect,IT,Manufacturing,Male,41,United States,"$67,468 "
Penelope Rodriguez,Engineering Manager,Engineering,Manufacturing,Female,49,Brazil,"$100,810 "
Emily Lau,Sr. Analyst,Finance,Manufacturing,Female,35,United States,"$74,779 "
Sophie Oh,Network Engineer,IT,Corporate,Female,29,United States,"$63,985 "
Chloe Allen,Solutions Architect,IT,Manufacturing,Female,64,United States,"$77,903 "
Caleb Nelson,Director,Marketing,Corporate,Male,33,United States,"$164,396 "
Oliver Moua,IT Systems Architect,IT,Corporate,Male,29,United States,"$71,234 "
Wesley Doan,Manager,Finance,Corporate,Male,63,China,"$122,487 "
Nova Hsu,Manager,Human Resources,Speciality Products,Female,32,United States,"$101,870 "
Levi Moreno,Systems Analyst,IT,Research & Development,Male,64,Brazil,"$40,316 "
Gianna Ha,Manager,IT,Research & Development,Female,55,China,"$115,145 "
Lillian Gonzales,Cloud Infrastructure Architect,IT,Manufacturing,Female,43,Brazil,"$62,335 "
Ezra Singh,Analyst,Finance,Manufacturing,Male,56,United States,"$41,561 "
Audrey Patel,Sr. Manger,Finance,Speciality Products,Female,37,China,"$131,183 "
Brooklyn Cho,Technical Architect,IT,Manufacturing,Female,45,China,"$92,655 "
Piper Ramos,Sr. Manger,Sales,Manufacturing,Female,49,United States,"$157,057 "
Eleanor Williams,Enterprise Architect,IT,Speciality Products,Female,61,United States,"$64,462 "
Melody Grant,Quality Engineer,Engineering,Corporate,Female,41,United States,"$79,352 "
Paisley Sanders,Sr. Manger,Marketing,Speciality Products,Female,55,United States,"$157,812 "
Santiago f Gray,Quality Engineer,Engineering,Corporate,Male,27,United States,"$80,745 "
Josephine Richardson,System Administrator ,IT,Manufacturing,Female,57,United States,"$75,354 "
Jaxson Santiago,Engineering Manager,Engineering,Research & Development,Male,56,United States,"$78,938 "
Lincoln Ramos,Operations Engineer,Engineering,Corporate,Male,59,United States,"$96,313 "
Dylan Campbell,Director,Engineering,Speciality Products,Male,45,United States,"$153,767 "
Olivia Gray,Manager,Marketing,Research & Development,Female,42,United States,"$103,423 "
Emery Doan,Controls Engineer,Engineering,Corporate,Female,25,China,"$86,464 "
Caroline Perez,Controls Engineer,Engineering,Corporate,Female,29,Brazil,"$80,516 "
Genesis Woods,Manager,Human Resources,Speciality Products,Female,33,United States,"$105,390 "
Ruby Sun,Cloud Infrastructure Architect,IT,Manufacturing,Female,50,China,"$83,418 "
Nevaeh James,Solutions Architect,IT,Speciality Products,Female,45,United States,"$66,660 "
Parker Sandoval,Manager,Human Resources,Speciality Products,Male,59,United States,"$101,985 "
Austin Rojas,Vice President,Finance,Corporate,Male,29,United States,"$199,504 "
Vivian Espinoza,Sr. Manger,Sales,Corporate,Female,52,Brazil,"$147,966 "
Cooper Gupta,Business Partner,Human Resources,Speciality Products,Male,58,China,"$41,728 "
Axel Santos,Sr. Analyst,Accounting,Speciality Products,Male,62,United States,"$94,422 "
Samuel Song,Director,Sales,Corporate,Male,31,United States,"$191,026 "
Aiden Silva,Vice President,IT,Research & Development,Male,42,Brazil,"$186,725 "
Eliana Allen,Business Partner,Human Resources,Research & Development,Female,56,United States,"$52,800 "
Grayson James,Operations Engineer,Engineering,Speciality Products,Male,54,United States,"$113,982 "
Hailey Yee,Account Representative,Sales,Research & Development,Female,54,China,"$56,239 "
Ian Vargas,Analyst,Sales,Manufacturing,Male,26,Brazil,"$44,732 "
John Trinh,Director,Marketing,Corporate,Male,49,China,"$153,961 "
Sofia Trinh,Network Architect,IT,Speciality Products,Female,45,China,"$68,337 "
Santiago f Moua,Sr. Manger,Human Resources,Corporate,Male,45,United States,"$145,093 "
Layla Collins,IT Systems Architect,IT,Speciality Products,Female,26,United States,"$74,170 "
Jaxon Powell,Field Engineer,Engineering,Research & Development,Male,59,United States,"$62,605 "
Naomi Washington,Manager,IT,Speciality Products,Female,51,United States,"$107,195 "
Ryan Holmes,Sr. Manger,Marketing,Speciality Products,Male,45,United States,"$127,422 "
Bella Holmes,Director,Accounting,Research & Development,Female,35,United States,"$161,269 "
Hailey Sanchez,Vice President,Marketing,Corporate,Female,32,Brazil,"$203,445 "
Sofia Yoon,Sr. Manger,Human Resources,Research & Development,Female,37,China,"$131,353 "
Eli Rahman,Service Desk Analyst,IT,Manufacturing,Male,45,China,"$88,182 "
Christopher Howard,Enterprise Architect,IT,Speciality Products,Male,61,United States,"$75,780 "
Alice Mehta,Analyst II,Sales,Research & Development,Female,45,China,"$52,621 "
Cooper Yoon,Engineering Manager,Engineering,Research & Development,Male,60,United States,"$106,079 "
John Delgado,Cloud Infrastructure Architect,IT,Corporate,Male,30,United States,"$92,058 "
Jaxson Liang,Field Engineer,Engineering,Manufacturing,Male,64,United States,"$67,114 "
Caroline Santos,Analyst II,Finance,Research & Development,Female,25,Brazil,"$56,565 "
Lily Henderson,HRIS Analyst,Human Resources,Manufacturing,Female,61,United States,"$64,937 "
Hannah Martinez,Manager,Marketing,Manufacturing,Female,65,United States,"$127,626 "
William Phillips,Network Architect,IT,Corporate,Male,61,United States,"$88,478 "
Eliza Zheng,Computer Systems Manager,IT,Speciality Products,Female,48,China,"$91,679 "
John Dang,Director,Sales,Corporate,Male,58,China,"$199,848 "
Joshua Yang,Network Engineer,IT,Manufacturing,Male,34,China,"$61,944 "
Hazel Young,Sr. Manger,Sales,Speciality Products,Female,30,United States,"$154,624 "
Thomas Jung,Sr. Analyst,Accounting,Research & Development,Male,50,China,"$79,447 "
Xavier Perez,Sr. Analyst,Sales,Manufacturing,Male,51,Brazil,"$71,111 "
Elijah Coleman,Sr. Manger,Sales,Research & Development,Male,53,United States,"$159,538 "
Clara Sanchez,Controls Engineer,Engineering,Corporate,Female,47,Brazil,"$111,404 "
Isaac Stewart,Director,Marketing,Speciality Products,Male,25,United States,"$172,007 "
Claire Romero,Vice President,Marketing,Manufacturing,Female,37,Brazil,"$219,474 "
Andrew Coleman,Director,Finance,Corporate,Male,41,United States,"$174,415 "
Riley Rojas,Network Architect,IT,Speciality Products,Female,36,Brazil,"$90,333 "
Landon Thao,HRIS Analyst,Human Resources,Speciality Products,Male,25,United States,"$67,299 "
Hadley Ford,Systems Analyst,IT,Research & Development,Female,52,United States,"$45,286 "
Austin Brown,Director,Marketing,Research & Development,Male,48,United States,"$194,723 "
Christian Fong,Manager,Sales,Research & Development,Male,49,China,"$109,850 "
Hazel Alvarez,Business Partner,Human Resources,Research & Development,Female,62,Brazil,"$45,295 "
Isabella Bailey,Network Administrator,IT,Manufacturing,Female,36,United States,"$61,310 "
Lincoln Huynh,System Administrator ,IT,Research & Development,Male,55,China,"$87,851 "
Hadley Yee,Business Partner,Human Resources,Speciality Products,Female,31,United States,"$47,913 "
Julia Doan,Business Partner,Human Resources,Speciality Products,Female,53,United States,"$46,727 "
Dylan Ali,Sr. Manger,Human Resources,Speciality Products,Male,27,United States,"$133,400 "
Eloise Trinh,Solutions Architect,IT,Speciality Products,Female,39,United States,"$90,535 "
Dylan Kumar,Sr. Analyst,Marketing,Speciality Products,Male,55,China,"$93,343 "
Emily Gupta,HRIS Analyst,Human Resources,Corporate,Female,44,United States,"$63,705 "
Silas Rivera,Vice President,Sales,Corporate,Male,48,United States,"$258,081 "
Jackson Jordan,Business Partner,Human Resources,Research & Development,Male,48,United States,"$54,654 "
Isaac Joseph,Analyst,Sales,Manufacturing,Male,54,United States,"$58,006 "
Hailey Lai,Sr. Manger,Finance,Manufacturing,Female,42,China,"$150,034 "
Leilani Thao,Director,Human Resources,Speciality Products,Female,38,United States,"$198,562 "
Madeline Watson,Account Representative,Sales,Research & Development,Female,40,United States,"$62,411 "
Silas Huang,Engineering Manager,Engineering,Research & Development,Male,57,United States,"$111,299 "
Peyton Walker,Analyst,Marketing,Research & Development,Female,43,United States,"$41,545 "
Jeremiah Hernandez,Network Engineer,IT,Manufacturing,Male,26,United States,"$74,467 "
Jace Washington,Manager,Accounting,Research & Development,Male,44,United States,"$117,545 "
Landon Kim,Manager,Human Resources,Speciality Products,Male,50,United States,"$117,226 "
Peyton Vasquez,Analyst,Accounting,Corporate,Female,26,United States,"$55,767 "
Charlotte Baker,Analyst II,Sales,Manufacturing,Female,29,United States,"$60,930 "
Elena Mendoza,Director,Sales,Speciality Products,Female,27,Brazil,"$154,973 "
Nova Lin,Cloud Infrastructure Architect,IT,Manufacturing,Female,33,United States,"$69,332 "
Ivy Desai,Controls Engineer,Engineering,Research & Development,Female,59,China,"$119,699 "
Josephine Acosta,Director,Human Resources,Speciality Products,Female,40,Brazil,"$198,176 "
Nora Nunez,Analyst II,Finance,Research & Development,Female,45,Brazil,"$58,586 "
Caleb Xiong,Sr. Account Representative,Sales,Corporate,Male,38,United States,"$74,010 "
Henry Green,Sr. Account Representative,Sales,Speciality Products,Male,32,United States,"$96,598 "
Madelyn Chan,Manager,Sales,Speciality Products,Female,64,United States,"$106,444 "
Angel Delgado,Director,Finance,Corporate,Male,31,United States,"$156,931 "
Mia Herrera,Director,Marketing,Research & Development,Female,43,Brazil,"$171,360 "
Peyton Harris,Enterprise Architect,IT,Research & Development,Female,45,United States,"$64,505 "
David Herrera,Engineering Manager,Engineering,Speciality Products,Male,32,Brazil,"$102,298 "
Avery Dominguez,Sr. Manger,Sales,Corporate,Female,27,Brazil,"$133,297 "
Grace Carter,Sr. Manger,Human Resources,Speciality Products,Female,25,United States,"$155,080 "
Parker Allen,Sr. Analyst,Sales,Speciality Products,Male,31,United States,"$81,828 "
Sadie Lee,Sr. Manger,Marketing,Corporate,Female,65,China,"$149,417 "
Cooper Valdez,Manager,Sales,Corporate,Male,50,Brazil,"$113,269 "
Sebastian Fong,Sr. Manger,IT,Manufacturing,Male,46,United States,"$136,716 "
Roman Munoz,Sr. Manger,Sales,Speciality Products,Male,54,United States,"$122,644 "
Charlotte Chang,Manager,Sales,Research & Development,Female,50,United States,"$106,428 "
Xavier Davis,Vice President,Finance,Corporate,Male,36,United States,"$238,236 "
Natalie Carter,Director,Finance,Corporate,Female,64,United States,"$153,253 "
Elena Richardson,Manager,Accounting,Manufacturing,Female,34,United States,"$103,707 "
Emilia Bailey,Vice President,Accounting,Speciality Products,Female,41,United States,"$245,360 "
Ryan Lu,Development Engineer,Engineering,Speciality Products,Male,25,United States,"$67,275 "
Asher Huynh,Manager,IT,Manufacturing,Male,45,United States,"$101,288 "
Kinsley Martinez,Director,Human Resources,Speciality Products,Female,52,Brazil,"$177,443 "
Paisley Bryant,Cloud Infrastructure Architect,IT,Manufacturing,Female,37,United States,"$91,400 "
Joshua Ramirez,Vice President,Human Resources,Corporate,Male,44,Brazil,"$181,247 "
Joshua Martin,Sr. Manger,Human Resources,Research & Development,Male,42,United States,"$135,558 "
Charles Moore,Analyst,Accounting,Speciality Products,Male,49,United States,"$56,878 "
Angel Do,IT Systems Architect,IT,Speciality Products,Male,34,China,"$94,735 "
Maverick Medina,Analyst II,Sales,Manufacturing,Male,39,United States,"$51,234 "
Isaac Han,Vice President,Human Resources,Speciality Products,Male,31,United States,"$230,025 "
Eliza Liang,Sr. Manger,Human Resources,Speciality Products,Female,36,China,"$134,006 "
Zoe Zhou,Manager,Finance,Corporate,Female,61,China,"$103,096 "
Nathan Lee,Analyst,Accounting,Manufacturing,Male,29,United States,"$58,703 "
Elijah Ramos,Sr. Manger,IT,Speciality Products,Male,33,Brazil,"$132,544 "
Jaxson Coleman,Manager,Finance,Manufacturing,Male,32,United States,"$126,671 "
Hailey Hong,Account Representative,Sales,Research & Development,Female,33,United States,"$56,405 "
Gabriella Zhu,Computer Systems Manager,IT,Speciality Products,Female,36,China,"$88,730 "
Aaron Maldonado,Analyst II,Finance,Manufacturing,Male,39,United States,"$62,861 "
Samantha Vargas,Director,Human Resources,Corporate,Female,53,Brazil,"$151,246 "
Nora Le,Sr. Manger,IT,Manufacturing,Female,53,United States,"$154,388 "
Alice Roberts,Director,Human Resources,Manufacturing,Female,54,United States,"$162,978 "
Colton Garcia,Solutions Architect,IT,Speciality Products,Male,55,United States,"$80,170 "
Stella Lai,Sr. Analyst,Accounting,Manufacturing,Female,44,United States,"$98,520 "
Leonardo Luong,Manager,Finance,Manufacturing,Male,52,United States,"$116,527 "
Nicholas Wong,Director,Sales,Research & Development,Male,27,United States,"$174,607 "
Jeremiah Castillo,Analyst II,Accounting,Research & Development,Male,58,United States,"$64,202 "
Cooper Jiang,Analyst II,Accounting,Corporate,Male,49,China,"$50,883 "
Penelope Silva,Network Architect,IT,Speciality Products,Female,36,United States,"$94,618 "
Jose Richardson,Director,Marketing,Research & Development,Male,26,United States,"$151,556 "
Eleanor Chau,Development Engineer,Engineering,Research & Development,Female,37,United States,"$80,659 "
John Cho,Director,Human Resources,Speciality Products,Male,47,China,"$195,385 "
Julian Delgado,Systems Analyst,IT,Speciality Products,Male,29,Brazil,"$52,693 "
Isabella Scott,Network Administrator,IT,Research & Development,Female,58,United States,"$72,045 "
Parker Avila,Analyst II,Marketing,Manufacturing,Male,47,Brazil,"$62,749 "
Luke Vu,Sr. Manger,Marketing,Speciality Products,Male,52,China,"$154,884 "
Jameson Nelson,Network Architect,IT,Research & Development,Male,61,United States,"$96,566 "
Adrian Fernandez,Systems Analyst,IT,Research & Development,Male,45,United States,"$54,994 "
Madison Hunter,Network Administrator,IT,Corporate,Female,40,United States,"$61,523 "
Jordan Phillips,Vice President,Human Resources,Corporate,Male,45,United States,"$190,512 "
Maya Chan,Controls Engineer,Engineering,Speciality Products,Female,37,China,"$124,827 "
Wesley King,Manager,Accounting,Manufacturing,Male,57,United States,"$101,577 "
Sofia Fernandez,Manager,Accounting,Manufacturing,Female,44,United States,"$105,223 "
Maverick Figueroa,IT Systems Architect,IT,Corporate,Male,48,United States,"$94,815 "
Hannah Hoang,Manager,Accounting,Speciality Products,Female,25,China,"$114,893 "
Violet Garcia,Sr. Analyst,Marketing,Speciality Products,Female,35,United States,"$80,622 "
Aaliyah Mai,Vice President,IT,Speciality Products,Female,57,United States,"$246,589 "
Austin Vang,Manager,Marketing,Speciality Products,Male,49,China,"$119,397 "
Maria Sun,Director,Sales,Corporate,Female,25,China,"$150,666 "
Madelyn Scott,Sr. Manger,IT,Research & Development,Female,46,United States,"$148,035 "
Dylan Chin,Director,Finance,Corporate,Male,60,United States,"$158,898 "
Emery Zhang,Field Engineer,Engineering,Corporate,Female,45,China,"$89,659 "
Riley Washington,Director,Sales,Speciality Products,Female,39,United States,"$171,487 "
Raelynn Rios,Vice President,Sales,Manufacturing,Female,43,United States,"$258,498 "
Anthony Hong,Sr. Manger,IT,Research & Development,Male,37,United States,"$146,961 "
Leo Herrera,Sr. Business Partner,Human Resources,Research & Development,Male,48,Brazil,"$85,369 "
Robert Wright,Technical Architect,IT,Manufacturing,Male,30,United States,"$67,489 "
Audrey Richardson,Director,IT,Manufacturing,Female,46,United States,"$166,259 "
Scarlett Kumar,Systems Analyst,IT,Corporate,Female,55,United States,"$47,032 "
Wesley Young,Sr. Analyst,Marketing,Speciality Products,Male,33,United States,"$98,427 "
Lillian Khan,Analyst,Finance,Speciality Products,Female,44,China,"$47,387 "
Oliver Yang,Director,Marketing,Speciality Products,Male,31,United States,"$176,710 "
Lily Nguyen,Sr. Analyst,Finance,Speciality Products,Female,33,China,"$95,960 "
Sofia Cheng,Vice President,Accounting,Corporate,Female,63,United States,"$216,195 "
